n_permutations,p_value
10,0.09090909090909091
25,0.038461538461538464
50,0.0196078431372549
100,0.009900990099009901
200,0.004975124378109453
500,0.001996007984031936
750,0.0013315579227696406
1000,0.000999000999000999
