,Balanced Accuracy,MCC,F1 Score
DecisionTreeClassifier,1.0,1.0,1.0
RandomForestClassifier,1.0,1.0,1.0
XGBClassifier,1.0,1.0,1.0
SVC,0.8247265221878225,0.7303833707303283,0.8205128205128205
KNeighborsClassifier,0.7783694530443755,0.6822322022757017,0.7948717948717948
LogisticRegression,0.7357069143446853,0.5812971550209748,0.717948717948718
GaussianNB,0.6633642930856554,0.48312343861052504,0.6666666666666666
