,mean_f1,sd_f1,mean_balaccuracy,sd_balaccuracy,mean_mcc,sd_mcc
DecisionTreeClassifier,1.0,0.0,1.0,0.0,1.0,0.0
SVC,0.7952934955050239,0.025551619537767346,0.8014577397910732,0.036960386507541444,0.6998321477034299,0.035007828607941195
GaussianNB,0.6684822845055527,0.06042327040733013,0.6490218423551756,0.07918108875922672,0.5023554342975105,0.09637141784547094
KNeighborsClassifier,0.840772078265468,0.022546871977394363,0.8261894586894588,0.030794475636223877,0.7573907806069019,0.03317399050711335
LogisticRegression,0.7434161819143309,0.028666083578970773,0.7617806267806269,0.02505339627664488,0.625876958994342,0.038002100866933806
RandomForestClassifier,1.0,0.0,1.0,0.0,1.0,0.0
XGBClassifier,1.0,0.0,1.0,0.0,1.0,0.0
