,KS Statistic,P-Value
0,0.008703481392557022,0.7769601055601082
